 frameno, feature_extraction, detection_stage1, detection_stage2, regression
0,0.0001,0.000109,0.100109,0.0201
1,0.0001,0.000109,0.100109,0.0201
2,0.0001,0.000109,0.100609,0.0201
3,0.0001,0.000109,0.100109,0.0201
4,0.0001,0.000109,0.100109,0.0201
5,0.0001,0.000109,0.100109,0.0201
6,0.0001,0.000109,0.100109,0.0201
7,0.0006,0.000109,0.100109,0.0601
8,0.0001,0.000109,0.100109,0.0201
9,0.0001,0.000609,0.100109,0.0201
10,0.0001,0.000109,0.100109,0.0201
