 frameno, feature_extraction, detection_stage1, detection_stage2, regression
0,0.001,0.000209,0.100109,0.0201
1,0.002,0.000109,0.200109,0.0201
2,0.001,0.000109,0.100109,0.0301
3,0.001,0.000109,0.100109,0.0201
4,0.005,0.000109,0.100109,0.0201
5,0.001,0.000709,0.600109,0.0201
6,0.001,0.000109,0.100109,0.0201
7,0.001,0.000109,0.100109,0.0501
8,0.007,0.000109,0.100109,0.0201
9,0.001,0.000309,0.800109,0.0201
10,0.001,0.000109,0.100109,0.0701
