 frameno, feature_extraction, detection_stage1, detection_stage2, regression
0,0.0001,0.000109,0.100109,0.0201
1,0.0001,0.000109,0.100109,0.0201
2,0.0001,0.000109,0.100309,0.0201
3,0.0003,0.000109,0.100109,0.0201
4,0.0001,0.000109,0.100109,0.0201
5,0.0001,0.000109,0.100109,0.0201
6,0.0001,0.000309,0.100109,0.0201
7,0.0001,0.000109,0.100109,0.0301
8,0.0001,0.000109,0.100109,0.0201
9,0.0001,0.000109,0.100109,0.0201
10,0.0001,0.000109,0.100109,0.0201
